{"server_connect_window": {"server_ip": "127.0.0.1", "server_port": "1000"}, "render_window": {}, "trainer_settings_window": {"iterations": 21251, "position_lr_init": 0.00015999999595806003, "position_lr_final": 1.6000000186977559e-06, "position_lr_delay_mult": 0.009999999776482582, "position_lr_max_steps": 30000, "feature_lr": 0.0024999999441206455, "opacity_lr": 0.05000000074505806, "scaling_lr": 0.004999999888241291, "rotation_lr": 0.0010000000474974513, "percent_dense": 0.009999999776482582, "lambda_dssim": 0.20000000298023224, "densification_interval": 100.0, "opacity_reset_interval": 3000, "densify_from_iter": 500, "densify_until_iter": 15000, "densify_grad_threshold": 0.00019999999494757503}, "model_settings_window": {"sh_degree": 3, "device": "cuda"}, "trainer_window": {}, "dataset_setup_window": {"dataset_path": "../../data/mic", "white_background": false, "data_device": "cuda"}, "login_user_account_window": {}, "debug_window": {"debug": false}, "render_settings_window": {"resolution_scaling": 1.0, "fov": 70.0, "near_plane": 0.009999999776482582, "far_plane": 71.4000015258789}}